{"cameraMode":{"drawMode":0,"name":"Shaded","section":"Shading Mode"},"sceneLighting":true,"audioPlay":false,"sceneViewState":{"m_AlwaysRefresh":false,"showFog":true,"showSkybox":true,"showFlares":true,"showImageEffects":true,"showParticleSystems":true,"showVisualEffectGraphs":true,"m_FxEnabled":true},"in2DMode":false,"pivot":{"x":104.30268096923828,"y":7.170000076293945,"z":98.80139923095703},"rotation":{"x":-0.39443063735961916,"y":0.019978461787104608,"z":-0.00866599939763546,"w":-0.9188005328178406},"size":56.769344329833987,"orthographic":false}