{"cameraMode":{"drawMode":0,"name":"Shaded","section":"Shading Mode"},"sceneLighting":true,"audioPlay":false,"sceneViewState":{"m_AlwaysRefresh":false,"showFog":true,"showSkybox":true,"showFlares":true,"showImageEffects":true,"showParticleSystems":true,"showVisualEffectGraphs":true,"m_FxEnabled":true},"in2DMode":false,"pivot":{"x":94.21538543701172,"y":5.579999923706055,"z":104.47917938232422},"rotation":{"x":0.10978508740663529,"y":-0.01028135884553194,"z":0.001385663403198123,"w":0.9940445423126221},"size":34.81904602050781,"orthographic":false}