{"cameraMode":{"drawMode":0,"name":"Shaded","section":"Shading Mode"},"sceneLighting":true,"audioPlay":false,"sceneViewState":{"m_AlwaysRefresh":false,"showFog":true,"showSkybox":true,"showFlares":true,"showImageEffects":true,"showParticleSystems":true,"showVisualEffectGraphs":true,"m_FxEnabled":true},"in2DMode":false,"pivot":{"x":113.13922882080078,"y":-10.5796537399292,"z":72.99659729003906},"rotation":{"x":0.002091252012178302,"y":0.973163902759552,"z":-0.23042641580104829,"w":0.008544070646166802},"size":47.291622161865237,"orthographic":false}