{"cameraMode":{"drawMode":0,"name":"Shaded","section":"Shading Mode"},"sceneLighting":true,"audioPlay":false,"sceneViewState":{"m_AlwaysRefresh":false,"showFog":true,"showSkybox":true,"showFlares":true,"showImageEffects":true,"showParticleSystems":true,"showVisualEffectGraphs":true,"m_FxEnabled":true},"in2DMode":false,"pivot":{"x":927.3474731445313,"y":650.1583862304688,"z":0.480255126953125},"rotation":{"x":0.025993268936872484,"y":0.02331017516553402,"z":-0.000559123873244971,"w":0.9995056390762329},"size":153.92166137695313,"orthographic":false}