{"cameraMode":{"drawMode":0,"name":"Shaded","section":"Shading Mode"},"sceneLighting":true,"audioPlay":false,"sceneViewState":{"m_AlwaysRefresh":false,"showFog":true,"showSkybox":true,"showFlares":true,"showImageEffects":true,"showParticleSystems":true,"showVisualEffectGraphs":true,"m_FxEnabled":true},"in2DMode":false,"pivot":{"x":104.30268096923828,"y":7.170000076293945,"z":98.80139923095703},"rotation":{"x":0.13380582630634309,"y":0.2008782923221588,"z":-0.027445174753665925,"w":0.9701952338218689},"size":31.582006454467775,"orthographic":false}